"","ONTOLOGY","ID","Description","setSize","enrichmentScore","NES","pvalue","p.adjust","qvalues","rank","leading_edge","core_enrichment"
"GO:0002684","BP","GO:0002684","positive regulation of immune system process",288,0.303370026759919,1.59949612426856,0.000999000999000999,0.0406787082649152,0.0379915305505142,1118,"tags=41%, list=31%, signal=31%","28816/5950/3273/28434/2302/9547/28809/28410/143662/28458/28938/79679/28392/28822/56667/28937/9173/28423/28395/640/28913/28448/154064/1907/28817/28589/11148/28815/9971/28467/28394/28388/3503/28444/28813/7499/28793/28797/970/6364/28468/1493/3539/3569/1511/5063/28442/2069/28823/28908/6469/6363/28439/28796/629/28912/50852/28825/716/338339/28299/9760/1803/3576/79931/28409/3501/715/5054/3494/3976/8876/959/7412/171389/6347/2255/3952/722/3500/7066/6387/3514/100423062/1960/3481/3495/29851/2296/3538/51435/720/64922/3502/778/7057/28408/911/6375/8600/3507/6271/51237/9258/85480/3624/2623/5579/721/1755/3493/3485/120892/5588/26253/10071/10462/9447/3598"
"GO:0005615","CC","GO:0005615","extracellular space",783,0.334391761111161,1.84014227205033,0.000999000999000999,0.0406787082649152,0.0379915305505142,1139,"tags=44%, list=32%, signal=38%","7369/28816/359/28943/6557/116085/5950/6356/3273/2939/28434/866/9547/28784/28809/7103/28410/5340/28935/1272/28458/7477/28938/6288/11181/119467/221476/28392/2525/55867/5313/6372/9356/28822/340024/28803/56667/26/2919/10562/50964/28937/4060/114794/4653/1634/26585/229/10551/8424/2938/4969/6582/28423/64388/1301/5653/28395/10158/338761/2528/9390/28913/1807/1215/28448/154064/1800/1907/28817/164312/57689/1644/2921/6340/28815/4958/1357/10344/28467/28394/28388/3503/80326/6422/6368/4316/28444/28813/7429/1805/28793/6590/3898/28797/2786/219595/671/10418/11341/9376/133121/2262/970/164656/3880/3589/5314/1474/5730/7512/64499/1356/6364/2168/2810/91703/7498/3640/10637/1066/28468/7484/8842/2331/3539/3569/3866/6374/6997/1511/3026/635/4868/28442/2069/28823/148811/5740/28908/28941/3568/51200/6469/1674/6363/28439/28796/2668/629/3918/12/2160/28912/590/28825/3671/290/716/7476/6820/7044/5502/64518/6550/7177/10267/2920/4036/6357/26002/6559/27132/7039/5243/6338/163351/27286/28299/159963/1803/1382/8029/5446/3576/28775/5265/2678/84171/53841/23767/5624/341640/434/28409/3371/3501/1462/5174/715/5054/51083/3494/125206/3976/793/5549/283375/4327/445/4070/124857/1573/6361/11240/1311/6524/959/1393/5328/9573/7412/9723/8200/2191/59272/6347/2255/51733/10841/25928/158038/56265/3952/1294/722/3500/27329/316/7066/6387/1298/8537/165/9241/3514/100423062/7980/2192/8483/6504/4025/2823/3960/6649/1621/3481/3495/54810/7480/3538/3626/3872/151449/1288/51435/319/3827/85301/3083/720/64577/2348/2674/2161/6518/6289/6565/3502/6540/127435/7057/28408/23316/6360/2662/5270/53405/3698/3242/911/116844/6375/8600/5345/3507/80736/5349/1009/25823/7373/10439/85480/5800/6285/25975/51032/3624/2628/4880/51129/5806/5579/2267/183/721/1755/335/3493/3485/6401/120892/116173/56477/5069/27240/7035/93035/283/55068/3240/3598/6519/2202/7053/352999/8644/10752/115019/7130/223117/10516"
"GO:0015075","MF","GO:0015075","ion transmembrane transporter activity",223,0.295623511841343,1.53620649305129,0.000999000999000999,0.0406787082649152,0.0379915305505142,1134,"tags=42%, list=32%, signal=31%","6568/6557/116085/10786/6564/10686/55867/9356/340024/10864/3773/479/10568/6582/9390/3787/492/6569/6340/6581/169026/9376/4948/153328/6512/777/3766/27092/2568/1180/81033/283600/220963/6332/6514/9154/2892/6550/79054/81796/54207/284525/6559/6338/159963/3758/162514/3777/11136/6545/81893/3763/284111/125206/7781/90134/283375/8913/6524/9122/57282/3760/116369/343450/3768/5026/3752/2823/348938/2898/23413/22953/55799/92745/2904/6565/778/6540/3738/53405/6327/80736/2562/5349/3351/8714/6334/5348/3788/85414/140738/6519/9389/115019"
"GO:0043230","CC","GO:0043230","extracellular organelle",455,0.284536620371257,1.53994343925085,0.000999000999000999,0.0406787082649152,0.0379915305505142,1522,"tags=53%, list=43%, signal=35%","7369/359/6557/116085/5950/3273/2939/866/7103/5340/1272/7477/6288/11181/119467/2525/55867/5313/9356/340024/26/10562/28937/4060/4653/229/8424/2938/4969/6582/10158/2528/9390/1807/1800/164312/492/1644/6340/28815/4958/3503/6422/4316/7429/6590/3898/28797/2786/219595/671/9376/133121/970/3880/5314/1474/5730/7512/1356/2168/2810/91703/8842/3539/3866/1511/635/4868/28442/148811/1674/28796/629/12/2160/28912/3671/290/7476/6820/64518/6550/4036/6559/27132/5243/6338/163351/28299/159963/1803/1382/8029/5446/5265/2678/84171/53841/341640/3501/5174/715/5054/3494/125206/793/5549/283375/445/4070/1573/11240/1311/6524/5328/7412/59272/51733/10841/3500/316/6387/8537/165/3514/100423062/2192/8483/6504/4025/2823/6649/3495/54810/3538/3872/3827/720/64577/2348/2674/2161/6518/6289/6565/3502/6540/7057/23316/5270/53405/3698/3242/116844/5345/3507/80736/5349/1009/5800/2628/5579/183/721/1755/335/3493/3485/120892/56477/27240/3240/6519/2202/7053/352999/8644/10752/115019/10516/131034/4232/259/9476/1378/930/5105/9963/6398/730/3075/1303/5327/10903/28820/358/23768/566/4311/83716/27293/2947/51050/81693/23236/388646/130/25878/9365/9245/8857/10875/3557/6505/6275/23237/347/54757/56241/683/81618/5169/55/2199/7171/5836/87769/710/7473/2819/5742/340706/89780/9687/29763/53347/57402/1368"
"GO:0044281","BP","GO:0044281","small molecule metabolic process",372,0.287810537053472,1.53596272546762,0.000999000999000999,0.0406787082649152,0.0379915305505142,1001,"tags=35%, list=28%, signal=28%","79799/6568/116085/5950/10331/348158/10786/123876/1591/7021/57016/64902/339761/55867/5313/10249/3037/4060/79849/1634/89792/2538/51179/229/2938/4969/58510/2528/9390/1807/1800/170685/1907/7306/1644/6569/339896/4958/9971/1579/1610/3036/2731/55586/130013/55301/219595/125/5730/79625/2168/7498/2327/1066/392636/2331/7364/83539/53630/134526/635/3356/2326/148811/5740/220963/3208/54578/6820/5625/92292/4036/189/26002/7274/169355/1382/8029/5446/2678/6545/9348/4842/27294/1462/26289/205/79966/4143/5549/341392/445/8876/1573/1036/4051/4166/51733/10841/3952/27329/316/3172/10941/5209/1581/108/4025/158471/1621/3481/124/5745/126410/319/64577/2348/7262/3067/2529/66002/117283/4837/51268/3698/3242/1545/80339/92483/5354/55350/6716"
"GO:0044421","CC","GO:0044421","extracellular region part",834,0.324026753847412,1.78663615066968,0.000999000999000999,0.0406787082649152,0.0379915305505142,1139,"tags=43%, list=32%, signal=38%","7369/28816/359/28943/6557/116085/5950/6356/3273/2939/28434/866/9547/28784/28809/7103/28410/5340/28935/1272/28458/7477/28938/6288/11181/119467/221476/28392/2525/55867/5313/6372/9356/28822/340024/28803/56667/26/2919/10562/50964/28937/4060/114794/4653/1634/26585/229/10551/8424/2938/4969/6582/28423/64388/1301/5653/28395/10158/338761/2528/9390/28913/1807/1215/28448/154064/1800/1907/28817/164312/492/57689/1644/2921/6340/28815/4958/1357/10344/28467/28394/28388/3503/80326/6422/6368/4316/28444/28813/7429/1805/28793/6590/3898/28797/2786/219595/671/10418/11341/9376/133121/2262/970/164656/3880/3589/5314/1474/5730/7512/79625/64499/1356/6364/2168/4239/2810/91703/7498/3640/10637/1000/1066/28468/7484/8842/2331/3539/3569/3866/6374/6997/1511/3026/635/4868/28442/2069/28823/148811/5740/28908/28941/3568/51200/6469/1674/6363/28439/28796/2668/629/3918/12/2160/28912/590/28825/3671/8076/290/716/7476/6820/7044/5502/64518/6550/7177/10267/2920/4036/6357/26002/6559/27132/7039/5243/6338/163351/27286/28299/159963/1803/1382/8029/5446/3576/28775/5265/2678/84171/53841/23767/5624/341640/434/28409/3371/3501/1462/5174/715/5054/51083/3494/125206/3976/793/5549/283375/4327/445/4070/124857/1573/6361/11240/1311/6524/959/1393/5328/9573/7412/9723/8200/2191/59272/6347/2201/2255/51733/10841/25928/158038/56265/3952/1294/722/3500/27329/316/7066/6387/1298/2949/8537/165/9241/3514/100423062/7980/2192/63876/157869/8483/6504/4025/2823/3960/6649/1621/3481/3495/54810/7480/3538/3626/3872/151449/5803/1288/51435/319/3827/85301/3083/720/64577/2348/2674/2161/60495/6518/6289/6565/3502/4052/6540/127435/7057/28408/23316/6360/2662/5270/53405/3698/3242/911/116844/6375/8600/5345/3507/80736/5349/1009/25823/7373/10439/85480/5800/6285/25975/51032/3624/2628/4880/51129/7058/5806/5579/2267/183/721/1755/335/3493/3485/6401/120892/116173/56477/5069/27240/7035/93035/3914/283/55068/3240/3598/6519/2202/7053/352999/8644/10752/115019/7130/223117/10516"
"GO:0044459","CC","GO:0044459","plasma membrane part",785,0.251157380023695,1.38159500404032,0.000999000999000999,0.0406787082649152,0.0379915305505142,1138,"tags=36%, list=32%, signal=32%","7369/359/6568/115701/6557/116085/10331/28434/10786/7103/149461/28410/5340/6564/1272/2045/28458/79679/11181/5731/6445/28392/55867/9356/340024/10864/56667/8549/3773/479/3037/10568/79849/9173/6582/28423/768/28395/28680/640/9390/28448/154064/1800/192668/3787/28568/164312/5746/57689/28589/6569/6340/11148/2707/6581/5593/2705/5156/1579/28467/28394/28388/3503/28444/127534/3036/7499/2786/9376/339221/2262/970/3880/5314/24/2676/9074/361/91703/2322/1000/9378/28468/8842/133396/1493/3539/3569/777/1812/6997/28652/3766/2706/3356/27092/4868/2568/1180/81033/28442/2069/5740/3357/3568/4915/1233/220963/2845/2740/28439/2261/9427/84634/6332/6514/3208/50852/6755/9154/290/6900/2892/6550/10267/3352/2206/815/23017/4036/79054/81796/54207/6559/28614/7039/5243/6338/27286/159963/1803/3758/8029/64220/1804/162514/53841/4914/23767/23109/3777/11136/2847/28409/5099/150084/4842/3763/91584/3501/5174/3494/64240/7781/55966/1821/80835/90134/56142/5737/283375/2596/4070/8745/8913/401190/57863/10100/959/9122/7412/9723/57282/2191/59272/56137/3760/54084/287/3500/55612/116369/28567/6387/64084/5026/222865/3514/108/100423062/3752/4025/9358/2823/2898/23413/3495/29851/3538/4889/9495/5745/22953/55799/5803/2348/2674/6857/92745/2904/8061/66002/6518/6565/3502/778/6540/3738/7057/28408/27334/5270/53405/4547/911/6976/23601/8600/3507/273/6327/5101/57528/92211/80736/2562/5349/1009/25823/84251/5800/846/2264/3351/8714/6334/152/28666/1755/84636/10886/3493/3485/64446/6401/120892/22801/5348/5588/27240/3788/7035/10071/79953/55068/9076/3598/6519/1089/7053/64399/9389/115019/2204/223117"
"GO:0070062","CC","GO:0070062","extracellular exosome",448,0.285080407864571,1.54168367209524,0.000999000999000999,0.0406787082649152,0.0379915305505142,1225,"tags=43%, list=34%, signal=32%","7369/359/6557/116085/5950/3273/2939/866/7103/5340/1272/7477/6288/11181/119467/2525/55867/5313/9356/340024/26/10562/28937/4060/4653/229/8424/2938/4969/6582/10158/2528/9390/1807/1800/164312/1644/6340/28815/4958/3503/6422/4316/7429/6590/3898/28797/2786/219595/671/9376/133121/970/3880/5314/1474/5730/7512/1356/2168/2810/91703/8842/3539/3866/1511/635/4868/28442/148811/1674/28796/629/12/2160/28912/3671/290/7476/6820/64518/6550/4036/6559/27132/5243/6338/163351/28299/159963/1803/1382/8029/5446/5265/2678/84171/53841/341640/3501/5174/715/5054/3494/125206/793/5549/283375/445/4070/1573/11240/1311/6524/5328/7412/59272/51733/10841/3500/316/6387/8537/165/3514/100423062/2192/8483/6504/4025/2823/6649/3495/54810/3538/3872/3827/720/64577/2348/2674/2161/6518/6289/6565/3502/6540/7057/23316/53405/3698/3242/116844/5345/3507/80736/5349/1009/5800/2628/5579/183/721/1755/335/3493/3485/120892/56477/27240/3240/6519/2202/7053/352999/8644/10752/115019/10516/131034/4232/259/9476/1378/930/5105/9963/6398/730/3075/1303/5327"
"GO:1903561","CC","GO:1903561","extracellular vesicle",454,0.283772105627419,1.53555401232971,0.000999000999000999,0.0406787082649152,0.0379915305505142,1522,"tags=52%, list=43%, signal=34%","7369/359/6557/116085/5950/3273/2939/866/7103/5340/1272/7477/6288/11181/119467/2525/55867/5313/9356/340024/26/10562/28937/4060/4653/229/8424/2938/4969/6582/10158/2528/9390/1807/1800/164312/492/1644/6340/28815/4958/3503/6422/4316/7429/6590/3898/28797/2786/219595/671/9376/133121/970/3880/5314/1474/5730/7512/1356/2168/2810/91703/8842/3539/3866/1511/635/4868/28442/148811/1674/28796/629/12/2160/28912/3671/290/7476/6820/64518/6550/4036/6559/27132/5243/6338/163351/28299/159963/1803/1382/8029/5446/5265/2678/84171/53841/341640/3501/5174/715/5054/3494/125206/793/5549/283375/445/4070/1573/11240/1311/6524/5328/7412/59272/51733/10841/3500/316/6387/8537/165/3514/100423062/2192/8483/6504/4025/2823/6649/3495/54810/3538/3872/3827/720/64577/2348/2674/2161/6518/6289/6565/3502/6540/7057/23316/5270/53405/3698/3242/116844/5345/3507/80736/5349/1009/5800/2628/5579/183/721/1755/335/3493/3485/120892/56477/27240/3240/6519/2202/7053/352999/8644/10752/115019/10516/131034/4232/259/9476/1378/930/5105/9963/6398/730/3075/1303/5327/10903/28820/358/23768/566/4311/83716/27293/2947/51050/81693/23236/130/25878/9365/9245/8857/10875/3557/6505/6275/23237/347/54757/56241/683/81618/5169/55/2199/7171/5836/87769/710/7473/2819/5742/340706/89780/9687/29763/53347/57402/1368"
"GO:0006082","BP","GO:0006082","organic acid metabolic process",230,0.377633526956616,1.9643955136062,0.001,0.0406787082649152,0.0379915305505142,996,"tags=43%, list=28%, signal=33%","79799/6568/116085/10331/348158/10786/123876/64902/339761/55867/5313/10249/3037/4060/1634/2538/51179/229/2938/4969/58510/1807/1800/1907/7306/1644/6569/339896/4958/9971/1579/1610/3036/2731/130013/55301/219595/125/5730/79625/2168/2327/1066/2331/7364/83539/134526/635/3356/2326/148811/5740/220963/54578/6820/5625/92292/189/169355/1382/5446/2678/6545/9348/4842/1462/79966/4143/5549/341392/445/8876/1573/1036/4051/4166/51733/10841/3952/27329/3172/10941/5209/1581/4025/158471/124/126410/64577/2348/3067/66002/51268/3698/3242/1545/80339/92483/5354/55350"
"GO:0043436","BP","GO:0043436","oxoacid metabolic process",219,0.350610208922178,1.8189023797868,0.001,0.0406787082649152,0.0379915305505142,996,"tags=42%, list=28%, signal=32%","79799/10331/348158/123876/64902/339761/5313/10249/3037/4060/1634/51179/229/2938/4969/58510/1807/1800/1907/7306/1644/6569/339896/4958/9971/1579/1610/3036/2731/130013/55301/219595/125/5730/79625/2168/1066/2331/7364/83539/134526/635/3356/148811/5740/54578/6820/5625/92292/189/169355/1382/5446/2678/6545/9348/4842/1462/79966/4143/5549/341392/445/8876/1573/1036/4051/4166/51733/10841/3952/27329/3172/10941/5209/1581/158471/124/126410/64577/2348/3067/66002/51268/3698/3242/1545/80339/92483/5354/55350"
"GO:0098657","BP","GO:0098657","import into cell",237,0.340641249845182,1.77638841936783,0.001,0.0406787082649152,0.0379915305505142,1169,"tags=47%, list=33%, signal=34%","28816/6557/28434/28809/28410/28458/28938/6288/28392/28822/3773/479/28937/26585/28423/28395/28913/28448/28817/6457/6569/28815/6581/28467/28394/28388/3503/28444/28813/28793/28797/6512/28468/3539/1812/3766/27092/28442/28823/28908/3357/6469/6363/28439/28796/114786/2668/53353/3208/28912/28825/6900/6550/10267/4036/284525/6559/28299/90019/3758/8029/3576/84171/28409/4842/3763/3501/5054/3494/283375/22925/6347/3760/287/3952/722/3500/3768/56649/3514/100423062/157869/6504/3495/3538/51435/720/2348/6857/6518/3502/7057/28408/3507/273/84251/5806/3351/183/721/1755/335/3493/6401/120892/3240/10462/1089/134/9902/259/22871"
"GO:0050778","BP","GO:0050778","positive regulation of immune response",206,0.315857340865883,1.63249520498104,0.001001001001001,0.0406787082649152,0.0379915305505142,474,"tags=25%, list=13%, signal=23%","28816/3273/28434/28809/28410/143662/28458/28938/79679/28392/28822/56667/28937/28423/28395/640/28913/28448/154064/28817/28589/11148/28815/9971/28467/28394/28388/3503/28444/28813/28793/28797/28468/1493/3539/3569/1511/5063/28442/2069/28823/28908/6363/28439/28796/629/28912/50852/28825/716/338339"
"GO:0002443","BP","GO:0002443","leukocyte mediated immunity",188,0.352935458275533,1.81625797153605,0.00100200400801603,0.0406787082649152,0.0379915305505142,1201,"tags=48%, list=34%, signal=34%","28816/28434/2302/28809/28410/28458/28938/5317/28392/6372/28822/26/2919/10562/28937/28423/28395/28913/28448/154064/28817/28815/28467/28394/28388/3503/28444/28813/28793/6590/28797/671/970/28468/3539/3569/1511/28442/28823/28908/28439/28796/12/28912/28825/290/716/338339/28299/5265/4257/28409/3501/715/3494/8876/11240/959/5328/3952/722/3500/3514/100423062/1621/3495/3538/720/6518/3502/28408/911/116844/6375/23601/3507/5806/721/3493/199675/1084/3240/3598/2204/7130/55061/1378/930/6283/3575"
"GO:0006897","BP","GO:0006897","endocytosis",190,0.349880267032974,1.801903004301,0.00100200400801603,0.0406787082649152,0.0379915305505142,1169,"tags=48%, list=33%, signal=34%","28816/28434/28809/28410/28458/28938/6288/28392/28822/28937/26585/28423/28395/28913/28448/28817/6457/28815/28467/28394/28388/3503/28444/28813/28793/28797/28468/3539/27092/28442/28823/28908/3357/6469/6363/28439/28796/114786/53353/3208/28912/28825/6900/10267/4036/28299/90019/8029/3576/84171/28409/3501/5054/3494/22925/6347/287/3952/722/3500/56649/3514/100423062/157869/6504/3495/3538/51435/720/2348/6857/3502/7057/28408/3507/273/84251/5806/3351/721/1755/335/3493/6401/120892/3240/10462/1089/134/9902/259/22871"
"GO:0009617","BP","GO:0009617","response to bacterium",180,0.324516715041867,1.66654223070288,0.00100200400801603,0.0406787082649152,0.0379915305505142,1119,"tags=45%, list=31%, signal=33%","28434/28410/28458/5731/28392/6372/2919/1634/28423/28395/58985/28448/2921/9971/28467/28394/28388/3503/28444/7429/6590/671/6364/28468/3539/3569/6374/1511/2706/2326/28442/1233/28439/6332/28912/338339/2920/163351/8029/3576/2678/4257/27063/79931/28409/4842/3501/5054/3494/5737/445/4129/7412/171389/342979/6347/2255/9590/722/3500/3514/100423062/4025/2823/3495/3538/3502/28408/116844/3507/721/129530/1755/3493/6401/114132/7035/26253/3240/9076/83998"
"GO:0019752","BP","GO:0019752","carboxylic acid metabolic process",192,0.345817615124981,1.78282922861614,0.00100200400801603,0.0406787082649152,0.0379915305505142,1147,"tags=46%, list=32%, signal=33%","79799/348158/123876/64902/339761/5313/10249/3037/1634/51179/229/2938/58510/1807/1800/1907/7306/1644/6569/339896/9971/1579/1610/3036/2731/130013/55301/219595/125/5730/2168/1066/7364/134526/635/3356/148811/5740/54578/5625/92292/189/169355/1382/5446/2678/6545/4842/1462/79966/4143/341392/445/8876/1573/1036/4051/51733/10841/3952/27329/3172/10941/5209/1581/124/126410/64577/2348/3067/66002/51268/3698/3242/1545/80339/92483/5354/55350/2628/2264/79814/1582/85414/6519/8644/443/1906"
"GO:0030162","BP","GO:0030162","regulation of proteolysis",170,0.34365636570131,1.75703467393167,0.00100300902708124,0.0406787082649152,0.0379915305505142,1252,"tags=49%, list=35%, signal=34%","28816/3273/28434/866/28809/2045/7021/28938/221476/28392/28822/28937/28395/28913/1800/28817/28815/28394/3503/28813/7429/28793/6590/28797/10418/1474/2168/2810/7498/3539/28442/28823/28908/6469/28439/28796/629/12/28912/28825/716/6900/28299/5265/3501/715/5054/124857/7850/1294/722/3500/9705/3514/7980/2192/7480/3538/3827/720/2161/2904/3502/7057/5270/3698/5345/26577/2264/183/721/120892/7035/9447/55061/259/1378/930/89932/730/3075/5327/28820/358"
"GO:0050865","BP","GO:0050865","regulation of cell activation",170,0.329642629313776,1.68538571525753,0.00100300902708124,0.0406787082649152,0.0379915305505142,1088,"tags=42%, list=31%, signal=31%","3273/28434/2302/28410/28458/79679/28392/9173/28423/28395/28448/4004/11148/8456/5156/28467/28394/28388/3503/6422/28444/671/970/28468/133396/1493/3539/3569/5063/28442/6469/6363/28439/338339/9760/1803/28409/3501/51083/3494/1840/8876/959/7412/6347/2255/3952/3500/3514/100423062/1960/3481/3495/29851/3538/3502/7057/28408/5270/6375/8600/3507/51237/9258/85480/3624/2267/3493/3485/120892/5588/27240"
"GO:0002253","BP","GO:0002253","activation of immune response",169,0.340660750736935,1.73899300263658,0.00100401606425703,0.0406787082649152,0.0379915305505142,1117,"tags=45%, list=31%, signal=32%","28816/28434/28809/28410/143662/28458/28938/79679/28392/28822/56667/28937/28423/28395/640/28913/28448/28817/28589/11148/28815/9971/28467/28394/28388/3503/28444/28813/28793/28797/28468/1493/3539/5063/28442/28823/28908/28439/28796/629/28912/50852/28825/716/338339/28299/79931/28409/3501/715/3494/171389/722/3500/3514/100423062/3495/3538/51435/720/64922/3502/778/28408/3507/6271/9258/5579/721/1755/3493/5588/26253/10071/10462/9447"
"GO:0002764","BP","GO:0002764","immune response-regulating signaling pathway",151,0.366655254870918,1.85391828728066,0.00100401606425703,0.0406787082649152,0.0379915305505142,486,"tags=29%, list=14%, signal=26%","28816/28434/28809/28410/143662/28458/28938/79679/28392/28822/56667/28937/28423/28395/640/28913/28448/28817/28589/11148/28815/9971/28467/28394/28388/3503/28444/28813/28793/28797/28468/1493/3539/5063/28442/28823/28908/28439/28796/28912/50852/28825/338339/2206"
"GO:0009897","CC","GO:0009897","external side of plasma membrane",133,0.366358786546363,1.82659914704264,0.00100401606425703,0.0406787082649152,0.0379915305505142,983,"tags=44%, list=28%, signal=33%","28434/28410/5340/28458/79679/28392/55867/9173/28423/28395/28448/154064/6340/11148/5156/28467/28394/28388/3503/28444/5314/2676/361/28468/133396/1493/3539/28442/3568/1233/28439/290/2206/4036/79054/6338/8029/28409/3501/3494/959/7412/3760/3500/6387/3514/100423062/3495/29851/3538/2348/2674/3502/7057/28408/5270/911/6976/3507"
"GO:0051249","BP","GO:0051249","regulation of lymphocyte activation",133,0.360897171536798,1.79936851498385,0.00100401606425703,0.0406787082649152,0.0379915305505142,1088,"tags=46%, list=31%, signal=33%","28434/2302/28410/28458/79679/28392/28423/28395/28448/4004/11148/8456/28467/28394/28388/3503/6422/28444/970/28468/1493/3539/3569/5063/28442/6469/6363/28439/9760/1803/28409/3501/51083/3494/1840/8876/959/7412/6347/2255/3952/3500/3514/100423062/1960/3481/3495/29851/3538/3502/28408/6375/8600/3507/51237/3624/2267/3493/3485/5588/27240"
"GO:0002250","BP","GO:0002250","adaptive immune response",165,0.420651265070053,2.14007133771495,0.00100502512562814,0.0406787082649152,0.0379915305505142,1118,"tags=52%, list=31%, signal=38%","28816/28943/28434/2302/28784/28809/28410/28935/28458/28938/79679/28392/28822/28803/28937/9173/28423/28395/28680/28913/83953/28448/154064/28817/28568/28589/28815/28467/28394/28388/3503/28444/28813/28793/28797/970/28468/1493/3539/3569/28652/28442/28823/28908/28941/6363/28439/28796/28912/50852/28825/716/338339/28614/28299/28775/28409/3501/715/3494/608/959/722/3500/28567/3514/100423062/6504/3495/3538/720/3502/28408/911/6375/6976/3507/5579/2267/721/28666/3493/5588/27240/10462/3598"
"GO:0050900","BP","GO:0050900","leukocyte migration",165,0.339360349286235,1.72650225250947,0.00100502512562814,0.0406787082649152,0.0379915305505142,983,"tags=39%, list=28%, signal=30%","7369/28816/6356/28434/2302/9547/28809/28938/6288/28392/6372/28822/2919/28937/26585/28395/28913/83953/1907/28817/2921/28815/10344/28394/6368/28813/7499/28793/28797/6364/3539/3569/6374/28442/28823/28908/6363/28439/28796/28912/28825/2920/6357/28299/3576/11136/5054/3494/6361/11240/7412/6347/3952/6387/3514/1621/124976/3538/2529/7057/11223/6360/6375/8600/3507"
"GO:0002694","BP","GO:0002694","regulation of leukocyte activation",155,0.34454691750267,1.74452355014909,0.00100603621730382,0.0406787082649152,0.0379915305505142,1088,"tags=45%, list=31%, signal=32%","28434/2302/28410/28458/79679/28392/9173/28423/28395/28448/4004/11148/8456/28467/28394/28388/3503/6422/28444/671/970/28468/133396/1493/3539/3569/5063/28442/6469/6363/28439/338339/9760/1803/28409/3501/51083/3494/1840/8876/959/7412/6347/2255/3952/3500/3514/100423062/1960/3481/3495/29851/3538/3502/7057/28408/6375/8600/3507/51237/9258/85480/3624/2267/3493/3485/120892/5588/27240"
"GO:0002757","BP","GO:0002757","immune response-activating signal transduction",144,0.378703286652153,1.90352195912622,0.00100704934541793,0.0406787082649152,0.0379915305505142,474,"tags=30%, list=13%, signal=27%","28816/28434/28809/28410/143662/28458/28938/79679/28392/28822/56667/28937/28423/28395/640/28913/28448/28817/28589/11148/28815/9971/28467/28394/28388/3503/28444/28813/28793/28797/28468/1493/3539/5063/28442/28823/28908/28439/28796/28912/50852/28825/338339"
"GO:0048018","MF","GO:0048018","receptor ligand activity",143,0.337981693882486,1.69811067668287,0.00100704934541793,0.0406787082649152,0.0379915305505142,1147,"tags=48%, list=32%, signal=34%","6356/9547/2045/7477/6288/6372/2919/5368/26585/4969/64388/1907/2921/10344/80326/6368/970/3589/6364/3640/10637/7484/3569/6374/6997/2069/6469/6363/2668/7476/7044/2920/6357/7039/3576/23767/51083/3976/6361/959/9573/9723/8200/6347/2255/3952/27329/7066/6387/3481/7480/3626/151449/6289/6360/2662/6375/8600/85480/3624/4880/183/335/116173/56477/2202/223117/1906"
"GO:0050867","BP","GO:0050867","positive regulation of cell activation",116,0.389871095895322,1.92858646007051,0.00100704934541793,0.0406787082649152,0.0379915305505142,1087,"tags=48%, list=30%, signal=35%","28434/28410/28458/79679/28392/9173/28423/28395/28448/11148/28467/28394/28388/3503/28444/970/28468/1493/3539/3569/5063/28442/6469/6363/28439/338339/9760/1803/28409/3501/3494/8876/959/7412/6347/2255/3952/3500/3514/100423062/1960/3481/3495/29851/3538/3502/7057/28408/6375/8600/3507/85480/3493/3485/120892/5588"
"GO:0045177","CC","GO:0045177","apical part of cell",129,0.343959619961926,1.71018349854773,0.00100806451612903,0.0406787082649152,0.0379915305505142,720,"tags=33%, list=20%, signal=28%","7369/359/6568/6557/116085/10786/55867/340024/56667/10568/79849/9390/1800/6569/6340/5593/1579/5314/2168/91703/1000/8842/6997/6514/6550/4036/6559/5243/6338/159963/1803/8029/4257/53841/11136/150084/5174/10083/64240/55966/7412/57282/2191"
"GO:0002768","BP","GO:0002768","immune response-regulating cell surface receptor signaling pathway",118,0.440869245082328,2.17687891244354,0.00101010101010101,0.0406787082649152,0.0379915305505142,486,"tags=36%, list=14%, signal=33%","28816/28434/28809/28410/143662/28458/28938/79679/28392/28822/56667/28937/28423/28395/640/28913/28448/28817/28589/11148/28815/28467/28394/28388/3503/28444/28813/28793/28797/28468/1493/3539/5063/28442/28823/28908/28439/28796/28912/50852/28825/338339/2206"
"GO:0051604","BP","GO:0051604","protein maturation",106,0.417159448434524,2.03597290712083,0.00101112234580384,0.0406787082649152,0.0379915305505142,980,"tags=52%, list=27%, signal=39%","28816/28434/28809/28938/28392/28822/28937/5653/28395/28913/1215/28817/28815/28394/3503/28813/28793/28797/10418/1066/3539/1511/28442/28823/28908/6469/28439/28796/629/2160/28912/28825/716/6900/28299/2678/3501/715/5054/1311/5328/59272/7850/56265/722/3500/165/3514/3538/720/2161/3502/7057/5270/5345"
"GO:0002429","BP","GO:0002429","immune response-activating cell surface receptor signaling pathway",111,0.457428267896677,2.2467930457544,0.00101214574898785,0.0406787082649152,0.0379915305505142,474,"tags=38%, list=13%, signal=34%","28816/28434/28809/28410/143662/28458/28938/79679/28392/28822/56667/28937/28423/28395/640/28913/28448/28817/28589/11148/28815/28467/28394/28388/3503/28444/28813/28793/28797/28468/1493/3539/5063/28442/28823/28908/28439/28796/28912/50852/28825/338339"
"GO:0002449","BP","GO:0002449","lymphocyte mediated immunity",110,0.443483917223952,2.17428885738593,0.00101214574898785,0.0406787082649152,0.0379915305505142,983,"tags=51%, list=28%, signal=38%","28816/28434/2302/28809/28410/28458/28938/28392/28822/28937/28423/28395/28913/28448/154064/28817/28815/28467/28394/28388/3503/28444/28813/28793/28797/970/28468/3539/3569/28442/28823/28908/28439/28796/28912/28825/716/28299/28409/3501/715/3494/959/3952/722/3500/3514/100423062/3495/3538/720/3502/28408/911/6375/3507"
"GO:0002460","BP","GO:0002460","adaptive immune response based on somatic recombination of immune receptors built from immunoglobulin superfamily domains",112,0.440353545491538,2.16651198009797,0.00101214574898785,0.0406787082649152,0.0379915305505142,983,"tags=51%, list=28%, signal=38%","28816/28434/2302/28809/28410/28458/28938/28392/28822/28937/9173/28423/28395/28913/28448/154064/28817/28815/28467/28394/28388/3503/28444/28813/28793/28797/970/28468/3539/3569/28442/28823/28908/6363/28439/28796/28912/28825/716/28299/28409/3501/715/3494/959/722/3500/3514/100423062/3495/3538/720/3502/28408/911/6375/3507"
"GO:0002696","BP","GO:0002696","positive regulation of leukocyte activation",111,0.407729635591443,2.00268364263346,0.00101214574898785,0.0406787082649152,0.0379915305505142,1087,"tags=50%, list=30%, signal=36%","28434/28410/28458/79679/28392/9173/28423/28395/28448/11148/28467/28394/28388/3503/28444/970/28468/1493/3539/3569/5063/28442/6469/6363/28439/338339/9760/1803/28409/3501/3494/8876/959/7412/6347/2255/3952/3500/3514/100423062/1960/3481/3495/29851/3538/3502/7057/28408/6375/8600/3507/85480/3493/3485/120892/5588"
"GO:0006959","BP","GO:0006959","humoral immune response",111,0.498691046767133,2.44946728152241,0.00101214574898785,0.0406787082649152,0.0379915305505142,876,"tags=57%, list=25%, signal=44%","28816/3273/28434/2302/28809/28410/28458/28938/28392/6372/28822/2919/28937/28423/28395/28913/28448/28817/2921/28815/28467/28394/28388/3503/28444/28813/28793/6590/28797/671/28468/3539/3569/6374/1511/28442/28823/28908/28439/28796/629/28912/28825/716/2920/6357/28299/3576/28409/3501/715/3494/6347/5450/722/3500/3514/100423062/3495/124976/3538/51435/720"
"GO:0016485","BP","GO:0016485","protein processing",101,0.434358002746628,2.1015837686823,0.00101522842639594,0.0406787082649152,0.0379915305505142,980,"tags=54%, list=27%, signal=41%","28816/28434/28809/28938/28392/28822/28937/5653/28395/28913/1215/28817/28815/28394/3503/28813/28793/28797/10418/1066/3539/1511/28442/28823/28908/6469/28439/28796/629/2160/28912/28825/716/6900/28299/2678/3501/715/5054/1311/5328/59272/7850/56265/722/3500/165/3514/3538/720/2161/3502/7057/5270/5345"
"GO:0051251","BP","GO:0051251","positive regulation of lymphocyte activation",97,0.427468988368468,2.06147481835364,0.00101522842639594,0.0406787082649152,0.0379915305505142,983,"tags=49%, list=28%, signal=37%","28434/28410/28458/79679/28392/28423/28395/28448/11148/28467/28394/28388/3503/28444/970/28468/1493/3539/3569/5063/28442/6469/6363/28439/9760/1803/28409/3501/3494/8876/959/7412/6347/2255/3952/3500/3514/100423062/1960/3481/3495/29851/3538/3502/28408/6375/8600/3507"
"GO:0006909","BP","GO:0006909","phagocytosis",95,0.470154841551814,2.25343654428663,0.00101936799184506,0.0406787082649152,0.0379915305505142,1069,"tags=58%, list=30%, signal=42%","28816/28434/28809/28410/28458/28938/28392/28822/28937/28423/28395/28913/28448/28817/28815/28467/28394/28388/3503/28444/28813/28793/28797/28468/3539/28442/28823/28908/28439/28796/114786/28912/28825/28299/28409/3501/3494/6347/3952/722/3500/3514/100423062/6504/3495/3538/720/3502/7057/28408/3507/5806/721/335/3493"
"GO:0006898","BP","GO:0006898","receptor-mediated endocytosis",82,0.491351668270169,2.31548613053622,0.00102145045965271,0.0406787082649152,0.0379915305505142,627,"tags=48%, list=18%, signal=40%","28816/28434/28809/28938/6288/28392/28822/28937/26585/28395/28913/28817/6457/28815/28394/28813/28793/28797/3539/27092/28442/28823/28908/3357/6363/28439/28796/53353/3208/28912/28825/6900/10267/4036/28299/8029/3576/5054/3494"
"GO:0016064","BP","GO:0016064","immunoglobulin mediated immune response",82,0.520975958977538,2.45509008161544,0.00102145045965271,0.0406787082649152,0.0379915305505142,983,"tags=62%, list=28%, signal=46%","28816/28434/2302/28809/28410/28458/28938/28392/28822/28937/28423/28395/28913/28448/28817/28815/28467/28394/28388/3503/28444/28813/28793/28797/28468/3539/28442/28823/28908/28439/28796/28912/28825/716/28299/28409/3501/715/3494/959/722/3500/3514/100423062/3495/3538/720/3502/28408/6375/3507"
"GO:0042742","BP","GO:0042742","defense response to bacterium",84,0.418068444954087,1.97825233984701,0.00102145045965271,0.0406787082649152,0.0379915305505142,1111,"tags=55%, list=31%, signal=39%","28434/28410/28458/28392/6372/28423/28395/58985/28448/9971/28467/28394/28388/3503/28444/6590/671/6364/28468/3539/3569/1511/28442/28439/28912/338339/163351/28409/3501/5054/3494/3500/3514/100423062/4025/3495/3538/3502/28408/3507/129530/1755/3493/114132/26253/3240"
"GO:0002526","BP","GO:0002526","acute inflammatory response",83,0.4795161544468,2.26356669319095,0.00102354145342886,0.0406787082649152,0.0379915305505142,1248,"tags=69%, list=35%, signal=46%","28816/28434/28809/28938/6288/28392/28822/28937/28395/28913/28817/28815/28394/3503/28813/28793/28797/3539/3569/28442/28823/28908/28439/28796/629/12/28912/28825/716/28299/5265/3501/715/445/8876/7412/722/3500/3514/3538/4889/720/2161/145741/6289/3502/8600/5345/721/3240/134/55061/1378/930/730/3075/28820"
"GO:0019724","BP","GO:0019724","B cell mediated immunity",83,0.52445004999061,2.47567814846742,0.00102354145342886,0.0406787082649152,0.0379915305505142,983,"tags=63%, list=28%, signal=46%","28816/28434/2302/28809/28410/28458/28938/28392/28822/28937/28423/28395/28913/28448/28817/28815/28467/28394/28388/3503/28444/28813/28793/28797/970/28468/3539/28442/28823/28908/28439/28796/28912/28825/716/28299/28409/3501/715/3494/959/722/3500/3514/100423062/3495/3538/720/3502/28408/6375/3507"
"GO:0042113","BP","GO:0042113","B cell activation",76,0.452010275540552,2.10988152105882,0.00102669404517454,0.0406787082649152,0.0379915305505142,1069,"tags=55%, list=30%, signal=40%","28434/2302/28410/28458/28392/28423/28395/28448/28467/28394/28388/3503/6422/28444/970/3589/2322/28468/1493/3539/3569/28442/28439/4914/28409/3501/3494/959/7412/3500/3514/100423062/3495/3538/3502/28408/3507/51237/3624/139818/5579/3493"
"GO:0072376","BP","GO:0072376","protein activation cascade",80,0.547261927730058,2.5683078158189,0.00102669404517454,0.0406787082649152,0.0379915305505142,1248,"tags=79%, list=35%, signal=52%","28816/28434/28809/28410/28458/28938/28392/28822/28937/28423/28395/28913/28448/28817/28815/28467/28394/28388/3503/28444/28813/28793/28797/28468/3539/28442/28823/28908/28439/28796/629/2160/28912/28825/716/28299/28409/3501/715/3494/722/3500/3514/100423062/2192/3495/3538/51435/3827/720/2161/3502/28408/3507/721/3493/7035/55061/1378/930/730/3075/28820"
"GO:0002455","BP","GO:0002455","humoral immune response mediated by circulating immunoglobulin",66,0.594857412947313,2.72494150896905,0.00102880658436214,0.0406787082649152,0.0379915305505142,943,"tags=73%, list=26%, signal=55%","28816/28434/2302/28809/28410/28458/28938/28392/28822/28937/28423/28395/28913/28448/28817/28815/28467/28394/28388/3503/28444/28813/28793/28797/28468/3539/28442/28823/28908/28439/28796/28912/28825/716/28299/28409/3501/715/3494/722/3500/3514/100423062/3495/3538/720/3502/28408"
"GO:0002673","BP","GO:0002673","regulation of acute inflammatory response",67,0.496831667132223,2.27789587013643,0.00102880658436214,0.0406787082649152,0.0379915305505142,1248,"tags=72%, list=35%, signal=47%","28816/28434/28809/28938/28392/28822/28937/28395/28913/28817/28815/28394/3503/28813/28793/28797/3539/3569/28442/28823/28908/28439/28796/629/28912/28825/716/28299/3501/715/722/3500/3514/3538/4889/720/2161/145741/3502/8600/721/134/55061/1378/930/730/3075/28820"
"GO:0015291","MF","GO:0015291","secondary active transmembrane transporter activity",66,0.431309100537126,1.97575426592829,0.00102880658436214,0.0406787082649152,0.0379915305505142,707,"tags=41%, list=20%, signal=33%","6568/6557/10786/6564/55867/9356/340024/10864/10568/6569/6581/9376/6512/220963/9154/6550/81796/284525/146802/6559/159963/55244/284111/125206/6524/9122/57282"
"GO:1903317","BP","GO:1903317","regulation of protein maturation",66,0.538213862970786,2.46546695727498,0.00102880658436214,0.0406787082649152,0.0379915305505142,1248,"tags=77%, list=35%, signal=51%","28816/28434/28809/28938/28392/28822/28937/28395/28913/28817/28815/28394/3503/28813/28793/28797/10418/3539/28442/28823/28908/28439/28796/629/28912/28825/716/6900/28299/3501/715/5054/7850/722/3500/3514/3538/720/2161/3502/7057/5270/5345/721/120892/55061/1378/930/730/3075/28820"
"GO:0002440","BP","GO:0002440","production of molecular mediator of immune response",71,0.426185290965373,1.96629065825555,0.00102986611740474,0.0406787082649152,0.0379915305505142,446,"tags=32%, list=13%, signal=29%","28816/28943/5950/28784/28809/28935/28938/28822/28803/28937/28913/28817/28815/28813/28793/28797/3569/28823/28908/28941/28796/28912/28825"
"GO:0005125","MF","GO:0005125","cytokine activity",71,0.405369347025851,1.87025215815073,0.00102986611740474,0.0406787082649152,0.0379915305505142,1083,"tags=55%, list=30%, signal=39%","6356/9547/6372/2919/26585/64388/2921/10344/6368/970/3589/6364/10637/3569/6374/6363/7476/7044/2920/6357/3576/3976/6361/959/9573/8200/6347/7066/6387/3626/151449/6360/2662/6375/8600/85480/3624/116173/56477"
"GO:0006790","BP","GO:0006790","sulfur compound metabolic process",71,0.454683912263421,2.09777471934218,0.00102986611740474,0.0406787082649152,0.0379915305505142,718,"tags=44%, list=20%, signal=36%","10331/348158/2939/123876/9027/10249/4060/1634/89792/2938/4969/1800/339896/4958/79625/2331/83539/134526/635/6820/189/2678/4257/9348/1462/79966/4143/5549/341392/1036/4166"
"GO:0050851","BP","GO:0050851","antigen receptor-mediated signaling pathway",74,0.401266639999779,1.863144287001,0.00102986611740474,0.0406787082649152,0.0379915305505142,1087,"tags=51%, list=30%, signal=36%","28434/28410/28458/79679/28392/28423/28395/640/28448/28589/11148/28467/28394/28388/3503/28444/28468/1493/3539/5063/28442/28439/50852/28409/3501/3494/3500/3514/100423062/3495/3538/3502/778/28408/3507/5579/3493/5588"
"GO:0006956","BP","GO:0006956","complement activation",72,0.559841207103098,2.58581402724814,0.00103092783505155,0.0406787082649152,0.0379915305505142,1248,"tags=81%, list=35%, signal=53%","28816/28434/28809/28410/28458/28938/28392/28822/28937/28423/28395/28913/28448/28817/28815/28467/28394/28388/3503/28444/28813/28793/28797/28468/3539/28442/28823/28908/28439/28796/629/28912/28825/716/28299/28409/3501/715/3494/722/3500/3514/100423062/3495/3538/51435/720/3502/28408/3507/721/3493/55061/1378/930/730/3075/28820"
"GO:0003823","MF","GO:0003823","antigen binding",65,0.631807771963283,2.87962100573589,0.00103412616339193,0.0406787082649152,0.0379915305505142,983,"tags=77%, list=28%, signal=57%","28816/28434/28809/28410/5340/28458/28938/28392/28822/28937/28423/28395/28913/28448/28817/28589/28815/28467/28394/28388/3503/28444/28813/28793/28797/28468/3539/28442/28823/28908/28439/28796/28912/28825/28299/11136/28409/3501/3494/3500/3514/100423062/6504/3495/3538/3502/28408/911/6976/3507"
"GO:0070613","BP","GO:0070613","regulation of protein processing",65,0.543346413687537,2.47643637143612,0.00103412616339193,0.0406787082649152,0.0379915305505142,1248,"tags=78%, list=35%, signal=52%","28816/28434/28809/28938/28392/28822/28937/28395/28913/28817/28815/28394/3503/28813/28793/28797/10418/3539/28442/28823/28908/28439/28796/629/28912/28825/716/6900/28299/3501/715/5054/7850/722/3500/3514/3538/720/2161/3502/7057/5270/5345/721/120892/55061/1378/930/730/3075/28820"
"GO:0008037","BP","GO:0008037","cell recognition",64,0.453521120808965,2.06028063294274,0.00103626943005181,0.0406787082649152,0.0379915305505142,983,"tags=52%, list=28%, signal=38%","28434/28410/28458/28392/2525/28423/28395/28448/28467/28394/28388/3503/28444/28468/3539/50863/28442/6363/28439/6900/28409/3501/1462/3494/2596/3500/3514/100423062/3495/3538/3502/28408/3507"
"GO:0002920","BP","GO:0002920","regulation of humoral immune response",59,0.524817554764121,2.35599180211083,0.00103950103950104,0.0406787082649152,0.0379915305505142,876,"tags=61%, list=25%, signal=47%","28816/28434/2302/28809/28938/28392/28822/28937/28395/28913/28817/28815/28394/3503/28813/28793/28797/3539/28442/28823/28908/28439/28796/629/28912/28825/716/28299/3501/715/722/3500/3514/124976/3538/720"
"GO:0006520","BP","GO:0006520","cellular amino acid metabolic process",61,0.424765942174074,1.91722259014978,0.00103950103950104,0.0406787082649152,0.0379915305505142,1145,"tags=57%, list=32%, signal=40%","64902/10249/58510/1807/1800/1644/339896/9971/1610/2731/130013/219595/635/148811/5625/92292/189/169355/2678/6545/4842/4143/445/1036/51733/10841/3172/64577/3067/51268/3242/2628/79814/6519/443"
"GO:0006958","BP","GO:0006958","complement activation, classical pathway",61,0.616616466866602,2.78315868189478,0.00103950103950104,0.0406787082649152,0.0379915305505142,983,"tags=79%, list=28%, signal=58%","28816/28434/28809/28410/28458/28938/28392/28822/28937/28423/28395/28913/28448/28817/28815/28467/28394/28388/3503/28444/28813/28793/28797/28468/3539/28442/28823/28908/28439/28796/28912/28825/716/28299/28409/3501/715/3494/722/3500/3514/100423062/3495/3538/720/3502/28408/3507"
"GO:0072562","CC","GO:0072562","blood microparticle",57,0.477673778596469,2.13088856534922,0.00103950103950104,0.0406787082649152,0.0379915305505142,1244,"tags=72%, list=35%, signal=48%","3273/5340/28822/28937/28913/3503/28793/1356/3539/28442/28908/28796/629/12/28912/590/716/28299/3501/715/3494/722/3500/3514/3495/3538/3827/720/3502/3698/5345/3507/51129/183/721/335/3493/3240/259/3075/3045"
"GO:0019814","CC","GO:0019814","immunoglobulin complex",53,0.709151497630249,3.12207802363107,0.00104712041884817,0.0406787082649152,0.0379915305505142,848,"tags=89%, list=24%, signal=69%","28816/28943/28434/28784/28809/28410/28935/28458/28938/28392/28822/28803/28937/28423/28395/28913/28448/28817/28815/28467/28394/28388/3503/28444/28813/28793/28797/28468/3539/28442/28823/28908/28941/28439/28796/28912/28825/28299/28775/28409/3501/3494/3500/3514/100423062/3495/3538"
"GO:0050864","BP","GO:0050864","regulation of B cell activation",53,0.5279138691239,2.32416951056224,0.00104712041884817,0.0406787082649152,0.0379915305505142,1069,"tags=64%, list=30%, signal=46%","28434/2302/28410/28458/28392/28423/28395/28448/28467/28394/28388/3503/6422/28444/28468/1493/3539/3569/28442/28439/28409/3501/3494/3500/3514/100423062/3495/3538/3502/28408/3507/51237/3624/3493"
"GO:0038093","BP","GO:0038093","Fc receptor signaling pathway",48,0.594822142878191,2.58957339621393,0.0010482180293501,0.0406787082649152,0.0379915305505142,535,"tags=56%, list=15%, signal=48%","28816/28434/28809/28938/28392/28822/28937/28395/28913/28817/28815/28394/3503/28813/28793/28797/3539/28442/28823/28908/28439/28796/28912/28825/338339/2206/28299"
"GO:0016054","BP","GO:0016054","organic acid catabolic process",52,0.409404625946095,1.79263627962698,0.0010515247108307,0.0406787082649152,0.0379915305505142,961,"tags=46%, list=27%, signal=34%","64902/51179/58510/339896/1579/1610/2731/130013/2168/5625/189/169355/5446/4842/4143/1036/4051/10841/3952/64577/3067/66002/51268/3242"
"GO:0030449","BP","GO:0030449","regulation of complement activation",52,0.555196685198133,2.43100750978289,0.0010515247108307,0.0406787082649152,0.0379915305505142,1248,"tags=81%, list=35%, signal=53%","28816/28434/28809/28938/28392/28822/28937/28395/28913/28817/28815/28394/3503/28813/28793/28797/3539/28442/28823/28908/28439/28796/629/28912/28825/716/28299/3501/715/722/3500/3514/3538/720/3502/721/55061/1378/930/730/3075/28820"
"GO:0046395","BP","GO:0046395","carboxylic acid catabolic process",52,0.409404625946095,1.79263627962698,0.0010515247108307,0.0406787082649152,0.0379915305505142,961,"tags=46%, list=27%, signal=34%","64902/51179/58510/339896/1579/1610/2731/130013/2168/5625/189/169355/5446/4842/4143/1036/4051/10841/3952/64577/3067/66002/51268/3242"
"GO:0071466","BP","GO:0071466","cellular response to xenobiotic stimulus",52,0.411938009524147,1.80372905929876,0.0010515247108307,0.0406787082649152,0.0379915305505142,827,"tags=46%, list=23%, signal=36%","348158/2939/10249/26/2938/1800/10/91703/2327/1066/2706/2326/590/54578/5446/2678/4257/445/1573/1036/1393/3172/2949/4025"
"GO:2000257","BP","GO:2000257","regulation of protein activation cascade",52,0.555196685198133,2.43100750978289,0.0010515247108307,0.0406787082649152,0.0379915305505142,1248,"tags=81%, list=35%, signal=53%","28816/28434/28809/28938/28392/28822/28937/28395/28913/28817/28815/28394/3503/28813/28793/28797/3539/28442/28823/28908/28439/28796/629/28912/28825/716/28299/3501/715/722/3500/3514/3538/720/3502/721/55061/1378/930/730/3075/28820"
"GO:0002377","BP","GO:0002377","immunoglobulin production",46,0.586726288849319,2.53117821664287,0.00105708245243129,0.0406787082649152,0.0379915305505142,561,"tags=54%, list=16%, signal=46%","28816/28943/5950/28784/28809/28935/28938/28822/28803/28937/28913/28817/28815/28813/28793/28797/3569/28823/28908/28941/28796/28912/28825/28299/28775"
"GO:0072073","BP","GO:0072073","kidney epithelium development",45,0.426987597737059,1.83369410213695,0.00105820105820106,0.0406787082649152,0.0379915305505142,671,"tags=40%, list=19%, signal=33%","7369/2302/2045/79192/7021/7477/153572/6422/7484/8842/4868/6469/2668/6943/3976/2138/793/4070"
"GO:0044272","BP","GO:0044272","sulfur compound biosynthetic process",44,0.442290231157833,1.88888401965955,0.00105932203389831,0.0406787082649152,0.0379915305505142,787,"tags=45%, list=22%, signal=36%","10331/2939/4060/1634/2938/4969/4958/2331/83539/635/2678/4257/9348/1462/79966/4143/5549/1036/4166/2949"
"GO:0050853","BP","GO:0050853","B cell receptor signaling pathway",44,0.551200053723572,2.35400399956471,0.00105932203389831,0.0406787082649152,0.0379915305505142,1069,"tags=70%, list=30%, signal=50%","28434/28410/28458/28392/28423/28395/640/28448/28467/28394/28388/3503/28444/28468/1493/3539/28442/28439/28409/3501/3494/3500/3514/100423062/3495/3538/3502/28408/3507/5579/3493"
"GO:0006022","BP","GO:0006022","aminoglycan metabolic process",43,0.485203865698187,2.05727822481141,0.00106269925611052,0.0406787082649152,0.0379915305505142,958,"tags=53%, list=27%, signal=40%","10331/90161/3037/4060/1634/89792/4969/4958/3036/11227/2262/79625/2331/83539/9348/1462/5549/2134/4166/2296/60495/9955/3698"
"GO:0030203","BP","GO:0030203","glycosaminoglycan metabolic process",42,0.4743247474244,1.99954793851363,0.00106496272630458,0.0406787082649152,0.0379915305505142,958,"tags=52%, list=27%, signal=39%","10331/90161/3037/4060/1634/4969/4958/3036/11227/2262/79625/2331/83539/9348/1462/5549/2134/4166/2296/60495/9955/3698"
"GO:0042133","BP","GO:0042133","neurotransmitter metabolic process",42,0.448795125789954,1.89192609801853,0.00106496272630458,0.0406787082649152,0.0379915305505142,1049,"tags=55%, list=29%, signal=39%","64902/10249/6582/1807/1644/2731/133121/145270/635/5740/590/189/26002/4842/445/4129/51733/1621/3067/1545/80736/5806/183"
"GO:0002433","BP","GO:0002433","immune response-regulating cell surface receptor signaling pathway involved in phagocytosis",37,0.671219221602697,2.7771936538199,0.00107066381156317,0.0406787082649152,0.0379915305505142,446,"tags=65%, list=13%, signal=57%","28816/28434/28809/28938/28392/28822/28937/28395/28913/28817/28815/28394/3503/28813/28793/28797/3539/28442/28823/28908/28439/28796/28912/28825"
"GO:0005903","CC","GO:0005903","brush border",37,0.47941736985391,1.98360659861645,0.00107066381156317,0.0406787082649152,0.0379915305505142,881,"tags=54%, list=25%, signal=41%","116085/10786/6564/340024/10568/79849/6569/7429/257629/6514/6550/4036/8029/53841/11136/5174/10083/59272/5745/2348"
"GO:0006911","BP","GO:0006911","phagocytosis, engulfment",37,0.624338217554742,2.58322181461093,0.00107066381156317,0.0406787082649152,0.0379915305505142,983,"tags=78%, list=28%, signal=57%","28434/28410/28458/28392/28423/28395/28448/28467/28394/28388/3503/28444/28468/3539/28442/28439/114786/28409/3501/3494/3500/3514/100423062/3495/3538/3502/7057/28408/3507"
"GO:0038096","BP","GO:0038096","Fc-gamma receptor signaling pathway involved in phagocytosis",37,0.671219221602697,2.7771936538199,0.00107066381156317,0.0406787082649152,0.0379915305505142,446,"tags=65%, list=13%, signal=57%","28816/28434/28809/28938/28392/28822/28937/28395/28913/28817/28815/28394/3503/28813/28793/28797/3539/28442/28823/28908/28439/28796/28912/28825"
"GO:0050871","BP","GO:0050871","positive regulation of B cell activation",40,0.589582647594886,2.46538665712607,0.00107296137339056,0.0406787082649152,0.0379915305505142,983,"tags=70%, list=28%, signal=51%","28434/28410/28458/28392/28423/28395/28448/28467/28394/28388/3503/28444/28468/3539/3569/28442/28439/28409/3501/3494/3500/3514/100423062/3495/3538/3502/28408/3507"
"GO:0002431","BP","GO:0002431","Fc receptor mediated stimulatory signaling pathway",39,0.655801574383773,2.72627755213146,0.00107642626480086,0.0406787082649152,0.0379915305505142,446,"tags=62%, list=13%, signal=54%","28816/28434/28809/28938/28392/28822/28937/28395/28913/28817/28815/28394/3503/28813/28793/28797/3539/28442/28823/28908/28439/28796/28912/28825"
"GO:0010324","BP","GO:0010324","membrane invagination",39,0.603380590561587,2.50835469705238,0.00107642626480086,0.0406787082649152,0.0379915305505142,983,"tags=74%, list=28%, signal=54%","28434/28410/28458/28392/28423/28395/28448/28467/28394/28388/3503/28444/28468/3539/28442/28439/114786/28409/3501/3494/3500/3514/100423062/3495/3538/3502/7057/28408/3507"
"GO:0038094","BP","GO:0038094","Fc-gamma receptor signaling pathway",39,0.660861402560555,2.74731210970929,0.00107642626480086,0.0406787082649152,0.0379915305505142,535,"tags=67%, list=15%, signal=57%","28816/28434/28809/28938/28392/28822/28937/28395/28913/28817/28815/28394/3503/28813/28793/28797/3539/28442/28823/28908/28439/28796/28912/28825/338339/28299"
"GO:1990266","BP","GO:1990266","neutrophil migration",39,0.459065796970066,1.90841380398766,0.00107642626480086,0.0406787082649152,0.0379915305505142,727,"tags=46%, list=20%, signal=37%","7369/6356/6288/6372/2919/1907/2921/10344/6368/7499/6364/6374/6363/2920/6357/3576/6361/6347"
"GO:0099024","BP","GO:0099024","plasma membrane invagination",38,0.613264087321689,2.53332515740177,0.00107874865156419,0.0406787082649152,0.0379915305505142,983,"tags=76%, list=28%, signal=56%","28434/28410/28458/28392/28423/28395/28448/28467/28394/28388/3503/28444/28468/3539/28442/28439/114786/28409/3501/3494/3500/3514/100423062/3495/3538/3502/7057/28408/3507"
"GO:0001656","BP","GO:0001656","metanephros development",36,0.478156937394768,1.9580514217182,0.001085776330076,0.0406787082649152,0.0379915305505142,733,"tags=44%, list=21%, signal=36%","7369/359/2302/79192/7021/7477/153572/5156/7484/6469/2668/6943/3976/2138/793/2255"
"GO:0006805","BP","GO:0006805","xenobiotic metabolic process",35,0.520879734666384,2.11443194377919,0.00108695652173913,0.0406787082649152,0.0379915305505142,827,"tags=60%, list=23%, signal=47%","348158/2939/10249/26/2938/1800/10/91703/2327/1066/2326/590/54578/5446/2678/4257/1573/1036/3172/2949/4025"
"GO:0038095","BP","GO:0038095","Fc-epsilon receptor signaling pathway",35,0.703588320666172,2.85610961893027,0.00108695652173913,0.0406787082649152,0.0379915305505142,535,"tags=71%, list=15%, signal=61%","28816/28434/28809/28938/28392/28822/28937/28395/28913/28817/28815/28394/28813/28793/28797/3539/28442/28823/28908/28439/28796/28912/28825/2206/28299"
"GO:1990868","BP","GO:1990868","response to chemokine",34,0.51012789538328,2.05731288464232,0.00108813928182807,0.0406787082649152,0.0379915305505142,973,"tags=65%, list=27%, signal=48%","6356/6372/2919/2921/10344/6368/6364/6374/1233/6363/2532/2920/6357/3576/6361/11240/6347/7066/6387/2296/6360/6375"
"GO:1990869","BP","GO:1990869","cellular response to chemokine",34,0.51012789538328,2.05731288464232,0.00108813928182807,0.0406787082649152,0.0379915305505142,973,"tags=65%, list=27%, signal=48%","6356/6372/2919/2921/10344/6368/6364/6374/1233/6363/2532/2920/6357/3576/6361/11240/6347/7066/6387/2296/6360/6375"
"GO:0006023","BP","GO:0006023","aminoglycan biosynthetic process",33,0.548166197404765,2.19684893286165,0.00109409190371991,0.0406787082649152,0.0379915305505142,718,"tags=52%, list=20%, signal=42%","10331/90161/3037/4060/1634/4969/4958/3036/11227/2262/2331/83539/9348/1462/5549/2134/4166"
"GO:0006024","BP","GO:0006024","glycosaminoglycan biosynthetic process",33,0.548166197404765,2.19684893286165,0.00109409190371991,0.0406787082649152,0.0379915305505142,718,"tags=52%, list=20%, signal=42%","10331/90161/3037/4060/1634/4969/4958/3036/11227/2262/2331/83539/9348/1462/5549/2134/4166"
"GO:0070098","BP","GO:0070098","chemokine-mediated signaling pathway",33,0.518847626050403,2.07935085928872,0.00109409190371991,0.0406787082649152,0.0379915305505142,973,"tags=67%, list=27%, signal=49%","6356/6372/2919/2921/10344/6368/6364/6374/1233/6363/2532/2920/6357/3576/6361/11240/6347/7066/6387/2296/6360/6375"
"GO:0034987","MF","GO:0034987","immunoglobulin receptor binding",32,0.674327281400309,2.69072846600794,0.00109529025191676,0.0406787082649152,0.0379915305505142,983,"tags=88%, list=28%, signal=64%","28434/28410/28458/28392/28423/28395/28448/28467/28394/28388/3503/28444/28468/3539/28442/28439/338339/28409/3501/3494/3500/3514/100423062/3495/3538/3502/28408/3507"
"GO:0006910","BP","GO:0006910","phagocytosis, recognition",31,0.674160698004554,2.66505886784054,0.00109769484083425,0.0406787082649152,0.0379915305505142,983,"tags=87%, list=28%, signal=64%","28434/28410/28458/28392/28423/28395/28448/28467/28394/28388/3503/28444/28468/3539/28442/28439/28409/3501/3494/3500/3514/100423062/3495/3538/3502/28408/3507"
"GO:0042571","CC","GO:0042571","immunoglobulin complex, circulating",30,0.696363843057459,2.7292341634519,0.00110132158590308,0.0406787082649152,0.0379915305505142,983,"tags=93%, list=28%, signal=68%","28434/28410/28458/28392/28423/28395/28448/28467/28394/28388/3503/28444/28468/3539/28442/28439/28912/28409/3501/3494/3500/3514/100423062/3495/3538/3502/28408/3507"
"GO:0005775","CC","GO:0005775","vacuolar lumen",28,0.520346320646964,1.99808666024925,0.00111856823266219,0.0406787082649152,0.0379915305505142,686,"tags=50%, list=19%, signal=41%","4060/1634/4969/4958/671/2262/2331/1511/129807/12/8029/1462/5549/11240"
"GO:0019842","MF","GO:0019842","vitamin binding",26,0.556739037726421,2.09198055445881,0.00112994350282486,0.0406787082649152,0.0379915305505142,888,"tags=65%, list=25%, signal=49%","5950/64902/339761/1644/339896/2731/189/7274/1382/8029/64220/10265/793/10841/1621/2348/3067"
"GO:0042379","MF","GO:0042379","chemokine receptor binding",26,0.535282346794432,2.01135574256119,0.00112994350282486,0.0406787082649152,0.0379915305505142,973,"tags=69%, list=27%, signal=51%","6356/9547/6372/2919/2921/10344/6368/6364/6374/6363/2920/6357/3576/6361/6347/6387/6360/6375"
"GO:0016052","BP","GO:0016052","carbohydrate catabolic process",24,0.509024150738799,1.87882259079477,0.00113895216400911,0.0406787082649152,0.0379915305505142,389,"tags=38%, list=11%, signal=34%","11181/5313/2538/229/57733/2528/55586/3356/129807"
"GO:0008009","MF","GO:0008009","chemokine activity",23,0.58791585537068,2.13948579700873,0.00114942528735632,0.0406787082649152,0.0379915305505142,973,"tags=78%, list=27%, signal=57%","6356/9547/6372/2919/2921/10344/6368/6364/6374/6363/2920/6357/3576/6361/6347/6387/6360/6375"
"GO:0031526","CC","GO:0031526","brush border membrane",23,0.518729477369694,1.88770950669886,0.00114942528735632,0.0406787082649152,0.0379915305505142,881,"tags=61%, list=25%, signal=46%","116085/10786/340024/10568/6569/6550/4036/8029/53841/11136/5174/59272/5745/2348"
"GO:0030514","BP","GO:0030514","negative regulation of BMP signaling pathway",17,0.579711609534572,1.94648909146819,0.00118764845605701,0.041245809931849,0.0385211702864727,802,"tags=59%, list=22%, signal=46%","50964/26585/64388/91851/6422/164656/4036/9573/25928/9241"
"GO:0043202","CC","GO:0043202","lysosomal lumen",17,0.622733825863917,2.09094415049847,0.00118764845605701,0.041245809931849,0.0385211702864727,654,"tags=59%, list=18%, signal=48%","4060/1634/4969/4958/2262/2331/129807/8029/1462/5549"
"GO:0009311","BP","GO:0009311","oligosaccharide metabolic process",14,0.700683342087187,2.22432135610694,0.00121359223300971,0.0412476412476412,0.0385228806281438,526,"tags=64%, list=15%, signal=55%","81849/11181/2525/89792/57733/8128/84620/129807/10317"
"GO:0044273","BP","GO:0044273","sulfur compound catabolic process",14,0.740157104980969,2.34963093396703,0.00121359223300971,0.0412476412476412,0.0385228806281438,682,"tags=86%, list=19%, signal=70%","4060/1634/4969/339896/4958/2331/189/2678/1462/4143/5549/1036"
"GO:0005793","CC","GO:0005793","endoplasmic reticulum-Golgi intermediate compartment",15,0.632825733507882,2.04073467501472,0.00122100122100122,0.0412476412476412,0.0385228806281438,881,"tags=73%, list=25%, signal=55%","9027/8842/2706/290/53345/7039/51471/5265/10841/1294/2348"
